[{"model": "admin.logentry", "pk": 1, "fields": {"action_time": "2022-01-22T17:18:36.987Z", "user": 1, "content_type": 8, "object_id": "1", "object_repr": "Paper Clips", "action_flag": 1, "change_message": "[{\"added\": {}}]"}}, {"model": "admin.logentry", "pk": 2, "fields": {"action_time": "2022-01-22T17:26:29.168Z", "user": 1, "content_type": 9, "object_id": "1", "object_repr": "Customer1", "action_flag": 1, "change_message": "[{\"added\": {}}]"}}, {"model": "admin.logentry", "pk": 3, "fields": {"action_time": "2022-01-22T17:40:41.427Z", "user": 1, "content_type": 10, "object_id": "1", "object_repr": "Customer1", "action_flag": 1, "change_message": "[{\"added\": {}}]"}}, {"model": "admin.logentry", "pk": 4, "fields": {"action_time": "2022-01-23T10:40:10.446Z", "user": 1, "content_type": 8, "object_id": "4", "object_repr": "Adhesive-Tape", "action_flag": 1, "change_message": "[{\"added\": {}}]"}}, {"model": "admin.logentry", "pk": 5, "fields": {"action_time": "2022-01-23T10:40:44.578Z", "user": 1, "content_type": 8, "object_id": "5", "object_repr": "Poster Colors", "action_flag": 1, "change_message": "[{\"added\": {}}]"}}, {"model": "admin.logentry", "pk": 6, "fields": {"action_time": "2022-01-23T10:43:01.367Z", "user": 1, "content_type": 8, "object_id": "6", "object_repr": "Folders", "action_flag": 1, "change_message": "[{\"added\": {}}]"}}, {"model": "admin.logentry", "pk": 7, "fields": {"action_time": "2022-01-23T10:43:33.681Z", "user": 1, "content_type": 8, "object_id": "7", "object_repr": "Diaries", "action_flag": 1, "change_message": "[{\"added\": {}}]"}}, {"model": "admin.logentry", "pk": 8, "fields": {"action_time": "2022-01-23T10:52:05.546Z", "user": 1, "content_type": 8, "object_id": "8", "object_repr": "Casio FX-991ES Calculator", "action_flag": 1, "change_message": "[{\"added\": {}}]"}}, {"model": "admin.logentry", "pk": 9, "fields": {"action_time": "2022-01-23T17:12:53.263Z", "user": 1, "content_type": 4, "object_id": "1", "object_repr": "mishan", "action_flag": 2, "change_message": "[{\"changed\": {\"fields\": [\"User permissions\"]}}]"}}, {"model": "admin.logentry", "pk": 10, "fields": {"action_time": "2022-01-24T06:40:34.926Z", "user": 1, "content_type": 8, "object_id": "9", "object_repr": "Test Product", "action_flag": 3, "change_message": ""}}, {"model": "admin.logentry", "pk": 11, "fields": {"action_time": "2022-02-18T03:44:22.932Z", "user": 1, "content_type": 10, "object_id": "1", "object_repr": "Customer1", "action_flag": 2, "change_message": "[]"}}, {"model": "admin.logentry", "pk": 12, "fields": {"action_time": "2022-02-18T03:45:01.735Z", "user": 1, "content_type": 9, "object_id": "1", "object_repr": "Customer1(Inv_no.1)", "action_flag": 3, "change_message": ""}}, {"model": "admin.logentry", "pk": 13, "fields": {"action_time": "2022-02-18T03:46:18.893Z", "user": 1, "content_type": 9, "object_id": "2", "object_repr": "Customer101(Inv_no.2)", "action_flag": 1, "change_message": "[{\"added\": {}}]"}}, {"model": "admin.logentry", "pk": 14, "fields": {"action_time": "2022-02-18T03:46:34.632Z", "user": 1, "content_type": 10, "object_id": "2", "object_repr": "Customer101", "action_flag": 1, "change_message": "[{\"added\": {}}]"}}, {"model": "admin.logentry", "pk": 15, "fields": {"action_time": "2022-02-18T03:46:45.783Z", "user": 1, "content_type": 10, "object_id": "3", "object_repr": "Customer101", "action_flag": 1, "change_message": "[{\"added\": {}}]"}}, {"model": "admin.logentry", "pk": 16, "fields": {"action_time": "2022-02-18T03:46:53.525Z", "user": 1, "content_type": 9, "object_id": "2", "object_repr": "Customer101(Inv_no.2)", "action_flag": 2, "change_message": "[]"}}, {"model": "admin.logentry", "pk": 17, "fields": {"action_time": "2022-02-18T04:18:47.596Z", "user": 1, "content_type": 10, "object_id": "2", "object_repr": "Customer101", "action_flag": 3, "change_message": ""}}, {"model": "admin.logentry", "pk": 18, "fields": {"action_time": "2022-02-18T04:18:53.357Z", "user": 1, "content_type": 9, "object_id": "2", "object_repr": "Customer101(Inv_no.2)", "action_flag": 2, "change_message": "[]"}}, {"model": "admin.logentry", "pk": 19, "fields": {"action_time": "2022-02-24T12:26:46.585Z", "user": 1, "content_type": 4, "object_id": "3", "object_repr": "shyam", "action_flag": 1, "change_message": "[{\"added\": {}}]"}}, {"model": "admin.logentry", "pk": 20, "fields": {"action_time": "2022-02-24T12:27:15.193Z", "user": 1, "content_type": 4, "object_id": "3", "object_repr": "shyam", "action_flag": 2, "change_message": "[{\"changed\": {\"fields\": [\"First name\", \"Last name\", \"Email address\"]}}]"}}, {"model": "auth.permission", "pk": 1, "fields": {"name": "Can add log entry", "content_type": 1, "codename": "add_logentry"}}, {"model": "auth.permission", "pk": 2, "fields": {"name": "Can change log entry", "content_type": 1, "codename": "change_logentry"}}, {"model": "auth.permission", "pk": 3, "fields": {"name": "Can delete log entry", "content_type": 1, "codename": "delete_logentry"}}, {"model": "auth.permission", "pk": 4, "fields": {"name": "Can view log entry", "content_type": 1, "codename": "view_logentry"}}, {"model": "auth.permission", "pk": 5, "fields": {"name": "Can add permission", "content_type": 2, "codename": "add_permission"}}, {"model": "auth.permission", "pk": 6, "fields": {"name": "Can change permission", "content_type": 2, "codename": "change_permission"}}, {"model": "auth.permission", "pk": 7, "fields": {"name": "Can delete permission", "content_type": 2, "codename": "delete_permission"}}, {"model": "auth.permission", "pk": 8, "fields": {"name": "Can view permission", "content_type": 2, "codename": "view_permission"}}, {"model": "auth.permission", "pk": 9, "fields": {"name": "Can add group", "content_type": 3, "codename": "add_group"}}, {"model": "auth.permission", "pk": 10, "fields": {"name": "Can change group", "content_type": 3, "codename": "change_group"}}, {"model": "auth.permission", "pk": 11, "fields": {"name": "Can delete group", "content_type": 3, "codename": "delete_group"}}, {"model": "auth.permission", "pk": 12, "fields": {"name": "Can view group", "content_type": 3, "codename": "view_group"}}, {"model": "auth.permission", "pk": 13, "fields": {"name": "Can add user", "content_type": 4, "codename": "add_user"}}, {"model": "auth.permission", "pk": 14, "fields": {"name": "Can change user", "content_type": 4, "codename": "change_user"}}, {"model": "auth.permission", "pk": 15, "fields": {"name": "Can delete user", "content_type": 4, "codename": "delete_user"}}, {"model": "auth.permission", "pk": 16, "fields": {"name": "Can view user", "content_type": 4, "codename": "view_user"}}, {"model": "auth.permission", "pk": 17, "fields": {"name": "Can add content type", "content_type": 5, "codename": "add_contenttype"}}, {"model": "auth.permission", "pk": 18, "fields": {"name": "Can change content type", "content_type": 5, "codename": "change_contenttype"}}, {"model": "auth.permission", "pk": 19, "fields": {"name": "Can delete content type", "content_type": 5, "codename": "delete_contenttype"}}, {"model": "auth.permission", "pk": 20, "fields": {"name": "Can view content type", "content_type": 5, "codename": "view_contenttype"}}, {"model": "auth.permission", "pk": 21, "fields": {"name": "Can add session", "content_type": 6, "codename": "add_session"}}, {"model": "auth.permission", "pk": 22, "fields": {"name": "Can change session", "content_type": 6, "codename": "change_session"}}, {"model": "auth.permission", "pk": 23, "fields": {"name": "Can delete session", "content_type": 6, "codename": "delete_session"}}, {"model": "auth.permission", "pk": 24, "fields": {"name": "Can view session", "content_type": 6, "codename": "view_session"}}, {"model": "auth.permission", "pk": 25, "fields": {"name": "Can add profile", "content_type": 7, "codename": "add_profile"}}, {"model": "auth.permission", "pk": 26, "fields": {"name": "Can change profile", "content_type": 7, "codename": "change_profile"}}, {"model": "auth.permission", "pk": 27, "fields": {"name": "Can delete profile", "content_type": 7, "codename": "delete_profile"}}, {"model": "auth.permission", "pk": 28, "fields": {"name": "Can view profile", "content_type": 7, "codename": "view_profile"}}, {"model": "auth.permission", "pk": 29, "fields": {"name": "Can add product", "content_type": 8, "codename": "add_product"}}, {"model": "auth.permission", "pk": 30, "fields": {"name": "Can change product", "content_type": 8, "codename": "change_product"}}, {"model": "auth.permission", "pk": 31, "fields": {"name": "Can delete product", "content_type": 8, "codename": "delete_product"}}, {"model": "auth.permission", "pk": 32, "fields": {"name": "Can view product", "content_type": 8, "codename": "view_product"}}, {"model": "auth.permission", "pk": 33, "fields": {"name": "Can add invoice", "content_type": 9, "codename": "add_invoice"}}, {"model": "auth.permission", "pk": 34, "fields": {"name": "Can change invoice", "content_type": 9, "codename": "change_invoice"}}, {"model": "auth.permission", "pk": 35, "fields": {"name": "Can delete invoice", "content_type": 9, "codename": "delete_invoice"}}, {"model": "auth.permission", "pk": 36, "fields": {"name": "Can view invoice", "content_type": 9, "codename": "view_invoice"}}, {"model": "auth.permission", "pk": 37, "fields": {"name": "Can add invoice item", "content_type": 10, "codename": "add_invoiceitem"}}, {"model": "auth.permission", "pk": 38, "fields": {"name": "Can change invoice item", "content_type": 10, "codename": "change_invoiceitem"}}, {"model": "auth.permission", "pk": 39, "fields": {"name": "Can delete invoice item", "content_type": 10, "codename": "delete_invoiceitem"}}, {"model": "auth.permission", "pk": 40, "fields": {"name": "Can view invoice item", "content_type": 10, "codename": "view_invoiceitem"}}, {"model": "auth.user", "pk": 1, "fields": {"password": "pbkdf2_sha256$320000$EvJjRlHpW8JOKR0sEEZcNy$wAkogNJcRf8POPUiETE5pW54sc/TPDsKCjrCRUKkeKY=", "last_login": "2022-03-13T15:50:51.500Z", "is_superuser": true, "username": "mishan", "first_name": "", "last_name": "", "email": "mishankhatri490@gmail.com", "is_staff": true, "is_active": true, "date_joined": "2022-01-22T11:31:50Z", "groups": [], "user_permissions": [1, 2, 3, 4, 9, 10, 11, 12, 5, 6, 7, 8, 13, 14, 15, 16, 17, 18, 19, 20, 33, 34, 35, 36, 37, 38, 39, 40, 29, 30, 31, 32, 21, 22, 23, 24, 25, 26, 27, 28]}}, {"model": "auth.user", "pk": 2, "fields": {"password": "", "last_login": null, "is_superuser": false, "username": "deleted user", "first_name": "", "last_name": "", "email": "", "is_staff": false, "is_active": true, "date_joined": "2022-01-22T17:26:01.128Z", "groups": [], "user_permissions": []}}, {"model": "auth.user", "pk": 3, "fields": {"password": "pbkdf2_sha256$320000$JQ7ax5Uf2266ayKiiFQ1BU$C3G7l2cfcc9YaCIptebCz9SLsPrsYT6LxiTLbrKj8zQ=", "last_login": "2022-02-25T12:29:47.589Z", "is_superuser": false, "username": "shyam", "first_name": "Shyam", "last_name": "Thapa", "email": "shayamth@mail.com", "is_staff": false, "is_active": true, "date_joined": "2022-02-24T12:26:46Z", "groups": [], "user_permissions": []}}, {"model": "contenttypes.contenttype", "pk": 1, "fields": {"app_label": "admin", "model": "logentry"}}, {"model": "contenttypes.contenttype", "pk": 2, "fields": {"app_label": "auth", "model": "permission"}}, {"model": "contenttypes.contenttype", "pk": 3, "fields": {"app_label": "auth", "model": "group"}}, {"model": "contenttypes.contenttype", "pk": 4, "fields": {"app_label": "auth", "model": "user"}}, {"model": "contenttypes.contenttype", "pk": 5, "fields": {"app_label": "contenttypes", "model": "contenttype"}}, {"model": "contenttypes.contenttype", "pk": 6, "fields": {"app_label": "sessions", "model": "session"}}, {"model": "contenttypes.contenttype", "pk": 7, "fields": {"app_label": "users", "model": "profile"}}, {"model": "contenttypes.contenttype", "pk": 8, "fields": {"app_label": "core", "model": "product"}}, {"model": "contenttypes.contenttype", "pk": 9, "fields": {"app_label": "core", "model": "invoice"}}, {"model": "contenttypes.contenttype", "pk": 10, "fields": {"app_label": "core", "model": "invoiceitem"}}, {"model": "sessions.session", "pk": "a35r5f46pnzqgg969l4r9lqcycl0jq8q", "fields": {"session_data": ".eJxVjMsOwiAUBf-FtSGWV8Gl-34DuQ-QqoGktCvjv2uTLnR7Zua8RIRtLXHraYkzi4sYxOl3Q6BHqjvgO9Rbk9Tquswod0UetMupcXpeD_fvoEAv3zq4bIxl71FjYK2tMcElym7M1hL5ERSo5CzlMGSgnIIFAo0O2QOrs3h_AO3AONo:1nNDFI:iCaDAjtcB9lOe16GeF1eB17_fudABT4tJGuZR3odWRM", "expire_date": "2022-03-10T12:29:20.093Z"}}, {"model": "sessions.session", "pk": "bpwd7rvn1gowgxa2o9nxvfa0oxbnz005", "fields": {"session_data": ".eJxVjMsOwiAUBf-FtSGWV8Gl-34DuQ-QqoGktCvjv2uTLnR7Zua8RIRtLXHraYkzi4sYxOl3Q6BHqjvgO9Rbk9Tquswod0UetMupcXpeD_fvoEAv3zq4bIxl71FjYK2tMcElym7M1hL5ERSo5CzlMGSgnIIFAo0O2QOrs3h_AO3AONo:1nN8gg:ylCbc3h169AiHq5J88TwqlpG-56MSPmRTvkNvoxh4oE", "expire_date": "2022-03-10T07:37:18.815Z"}}, {"model": "sessions.session", "pk": "cxu8zlm05rpv6lyhlu4zilaz0jv973vs", "fields": {"session_data": ".eJxVjMsOwiAUBf-FtSGWV8Gl-34DuQ-QqoGktCvjv2uTLnR7Zua8RIRtLXHraYkzi4sYxOl3Q6BHqjvgO9Rbk9Tquswod0UetMupcXpeD_fvoEAv3zq4bIxl71FjYK2tMcElym7M1hL5ERSo5CzlMGSgnIIFAo0O2QOrs3h_AO3AONo:1nMueQ:M-dN55F13PALKRXjh3jWWyFnYqyB9-0Dlff1F2FLE1o", "expire_date": "2022-03-09T16:38:02.250Z"}}, {"model": "sessions.session", "pk": "d7oltmwkm80qwadps2dr958ehpr7dxcw", "fields": {"session_data": ".eJxVjMsOwiAUBf-FtSGWV8Gl-34DuQ-QqoGktCvjv2uTLnR7Zua8RIRtLXHraYkzi4sYxOl3Q6BHqjvgO9Rbk9Tquswod0UetMupcXpeD_fvoEAv3zq4bIxl71FjYK2tMcElym7M1hL5ERSo5CzlMGSgnIIFAo0O2QOrs3h_AO3AONo:1nTQUd:lgw4glUuocj3yxbXsp_qAv6gQrtctuC_hsMEWT2eW0Y", "expire_date": "2022-03-27T15:50:51.544Z"}}, {"model": "sessions.session", "pk": "fkgptqs449tlgjhyq6znznt9j38m2ora", "fields": {"session_data": ".eJxVjMsOwiAUBf-FtSGWV8Gl-34DuQ-QqoGktCvjv2uTLnR7Zua8RIRtLXHraYkzi4sYxOl3Q6BHqjvgO9Rbk9Tquswod0UetMupcXpeD_fvoEAv3zq4bIxl71FjYK2tMcElym7M1hL5ERSo5CzlMGSgnIIFAo0O2QOrs3h_AO3AONo:1nN95I:yiN225SeSYKupOiF-8kcuNakZ9qD5TFxFeBLaZo8zEQ", "expire_date": "2022-03-10T08:02:44.529Z"}}, {"model": "sessions.session", "pk": "iiqc5epn9slu9hrs2goahazki7u3fu33", "fields": {"session_data": ".eJxVjMsOwiAUBf-FtSGWV8Gl-34DuQ-QqoGktCvjv2uTLnR7Zua8RIRtLXHraYkzi4sYxOl3Q6BHqjvgO9Rbk9Tquswod0UetMupcXpeD_fvoEAv3zq4bIxl71FjYK2tMcElym7M1hL5ERSo5CzlMGSgnIIFAo0O2QOrs3h_AO3AONo:1nREOs:czwLv8XHF7kMISZa3B9TG4GhwnS6njJLU-sXXuOgy4k", "expire_date": "2022-03-21T14:31:50.123Z"}}, {"model": "sessions.session", "pk": "k1w5li129w4j55b5tge6yy97s1ckpct9", "fields": {"session_data": ".eJxVjMsOwiAUBf-FtSGWV8Gl-34DuQ-QqoGktCvjv2uTLnR7Zua8RIRtLXHraYkzi4sYxOl3Q6BHqjvgO9Rbk9Tquswod0UetMupcXpeD_fvoEAv3zq4bIxl71FjYK2tMcElym7M1hL5ERSo5CzlMGSgnIIFAo0O2QOrs3h_AO3AONo:1nCj64:ygLckLYzNIb6QhGsVxoSfL66gjmraaTvusR7mgN2uI8", "expire_date": "2022-02-09T14:16:28.551Z"}}, {"model": "sessions.session", "pk": "obik7ooraghsxk9kg6slzlzthzevapar", "fields": {"session_data": ".eJxVjMsOwiAUBf-FtSGWV8Gl-34DuQ-QqoGktCvjv2uTLnR7Zua8RIRtLXHraYkzi4sYxOl3Q6BHqjvgO9Rbk9Tquswod0UetMupcXpeD_fvoEAv3zq4bIxl71FjYK2tMcElym7M1hL5ERSo5CzlMGSgnIIFAo0O2QOrs3h_AO3AONo:1nBt1T:DqxpgtqURWuhu7XG6Alf1gEC5ONaJENNw8FlQjl39Po", "expire_date": "2022-02-07T06:40:15.161Z"}}, {"model": "sessions.session", "pk": "opetwh6ntfpzwitjfdw15mt0fedvdcl2", "fields": {"session_data": ".eJxVjMsOwiAUBf-FtSGWV8Gl-34DuQ-QqoGktCvjv2uTLnR7Zua8RIRtLXHraYkzi4sYxOl3Q6BHqjvgO9Rbk9Tquswod0UetMupcXpeD_fvoEAv3zq4bIxl71FjYK2tMcElym7M1hL5ERSo5CzlMGSgnIIFAo0O2QOrs3h_AO3AONo:1nRBL4:S9Go8N-XOFOC7h23GYuzNbPfg1dpDiXUhjmh1HGPLcs", "expire_date": "2022-03-21T11:15:42.339Z"}}, {"model": "sessions.session", "pk": "p1a8x06ktvairtkbe1rpzni2k3zvn729", "fields": {"session_data": ".eJxVjMsOwiAUBf-FtSGWV8Gl-34DuQ-QqoGktCvjv2uTLnR7Zua8RIRtLXHraYkzi4sYxOl3Q6BHqjvgO9Rbk9Tquswod0UetMupcXpeD_fvoEAv3zq4bIxl71FjYK2tMcElym7M1hL5ERSo5CzlMGSgnIIFAo0O2QOrs3h_AO3AONo:1nJvM6:mvZ_pLHvP839G_RKoY2u7SNoJSPRHjVmAn1iTSa4bfo", "expire_date": "2022-03-01T10:46:46.911Z"}}, {"model": "sessions.session", "pk": "pm6q76ytxr26l9ldl9d8cz517cnlcebl", "fields": {"session_data": ".eJxVjMsOwiAUBf-FtSGWV8Gl-34DuQ-QqoGktCvjv2uTLnR7Zua8RIRtLXHraYkzi4sYxOl3Q6BHqjvgO9Rbk9Tquswod0UetMupcXpeD_fvoEAv3zq4bIxl71FjYK2tMcElym7M1hL5ERSo5CzlMGSgnIIFAo0O2QOrs3h_AO3AONo:1nN91h:sa2fnWt60pVkdTsiiXZcnKNf5AVtWmM8fOlF1r4amT4", "expire_date": "2022-03-10T07:59:01.047Z"}}, {"model": "sessions.session", "pk": "tjbmwhdm5igu7sbsd9weo0uu8n0tppw5", "fields": {"session_data": ".eJxVjMsOwiAUBf-FtSGWV8Gl-34DuQ-QqoGktCvjv2uTLnR7Zua8RIRtLXHraYkzi4sYxOl3Q6BHqjvgO9Rbk9Tquswod0UetMupcXpeD_fvoEAv3zq4bIxl71FjYK2tMcElym7M1hL5ERSo5CzlMGSgnIIFAo0O2QOrs3h_AO3AONo:1nRB0M:sj3-WfS7a8rdkZabV1-jtAp_5m-sl84TrsJt4uwiEpI", "expire_date": "2022-03-21T10:54:18.207Z"}}, {"model": "sessions.session", "pk": "v1roazgnost0oyxnng5fsg3y1esa9k8b", "fields": {"session_data": ".eJxVjEEOwiAQRe_C2pAOUDvj0n3PQAYGpGpoUtqV8e7apAvd_vfefynP21r81tLiJ1EXZdXpdwscH6nuQO5cb7OOc12XKehd0QdtepwlPa-H-3dQuJVv3TGi6VECOEBCYqAM4CgalMGYnpEiBWslu9gZoTRwIrFnQAdEmdT7A74XNws:1nNZjH:ocdmyN7QnEwexkQ71nqrSEZqQesww124nTeCKSnEJ0Y", "expire_date": "2022-03-11T12:29:47.602Z"}}, {"model": "core.product", "pk": 1, "fields": {"product_name": "Paper Clips", "unit_price": 50, "product_image": "products_pics/colorful_paperclips.webp"}}, {"model": "core.product", "pk": 3, "fields": {"product_name": "deleted product", "unit_price": 0, "product_image": "default_product.png"}}, {"model": "core.product", "pk": 4, "fields": {"product_name": "Adhesive Tape", "unit_price": 30, "product_image": "products_pics/Adhesive-Tape-002.webp"}}, {"model": "core.product", "pk": 5, "fields": {"product_name": "Poster Colors", "unit_price": 250, "product_image": "products_pics/3t3b9dPoster-Colours.webp"}}, {"model": "core.product", "pk": 6, "fields": {"product_name": "Folders", "unit_price": 200, "product_image": "products_pics/File-and-folder-accessories.jpg"}}, {"model": "core.product", "pk": 7, "fields": {"product_name": "Diaries", "unit_price": 100, "product_image": "products_pics/Diaries.jpg"}}, {"model": "core.product", "pk": 8, "fields": {"product_name": "Casio FX-991ES Calculator", "unit_price": 1200, "product_image": "products_pics/Casio-FX-991ES-PLUS-Calculator-1.webp"}}, {"model": "core.product", "pk": 10, "fields": {"product_name": "Highlighers", "unit_price": 50, "product_image": "products_pics/Highlighters.jpg"}}, {"model": "core.product", "pk": 11, "fields": {"product_name": "Punching Machine", "unit_price": 500, "product_image": "products_pics/88hs70Punching-machines.png"}}, {"model": "core.product", "pk": 16, "fields": {"product_name": "Presentation Supplies", "unit_price": 450, "product_image": "products_pics/t89fesPresentation-supplies.jpg"}}, {"model": "core.product", "pk": 17, "fields": {"product_name": "Scissors", "unit_price": 250, "product_image": "products_pics/h95vvtTapes---scissors.jpg"}}, {"model": "core.product", "pk": 18, "fields": {"product_name": "Register Book", "unit_price": 200, "product_image": "products_pics/1fxwraregister-book-500x500.webp"}}, {"model": "core.product", "pk": 19, "fields": {"product_name": "A4 papers", "unit_price": 250, "product_image": "products_pics/kvxm5kA4-size-and-photocopier-paper.jpg"}}, {"model": "core.invoice", "pk": 2, "fields": {"customer_name": "Customer101", "created_by": 1, "date_created": "2022-02-18T04:18:53.355Z", "total": 3250}}, {"model": "core.invoice", "pk": 3, "fields": {"customer_name": "Ram Bahadur", "created_by": 1, "date_created": "2022-02-23T23:02:42.930Z", "total": 2000}}, {"model": "core.invoice", "pk": 5, "fields": {"customer_name": "Hari Bahadur", "created_by": 1, "date_created": "2022-02-24T17:41:31.670Z", "total": 15100}}, {"model": "core.invoice", "pk": 6, "fields": {"customer_name": "Sita Devi", "created_by": 1, "date_created": "2022-02-24T18:06:47.973Z", "total": 10200}}, {"model": "core.invoice", "pk": 7, "fields": {"customer_name": "Raju Thapa", "created_by": 3, "date_created": "2022-02-24T18:12:49.974Z", "total": 3850}}, {"model": "core.invoiceitem", "pk": 3, "fields": {"invoice": 2, "item": 6, "quantity": 5, "accumulated": 1000}}, {"model": "core.invoiceitem", "pk": 4, "fields": {"invoice": 2, "item": 1, "quantity": 2, "accumulated": 100}}, {"model": "core.invoiceitem", "pk": 5, "fields": {"invoice": 2, "item": 7, "quantity": 3, "accumulated": 300}}, {"model": "core.invoiceitem", "pk": 6, "fields": {"invoice": 2, "item": 10, "quantity": 2, "accumulated": 100}}, {"model": "core.invoiceitem", "pk": 9, "fields": {"invoice": 2, "item": 17, "quantity": 2, "accumulated": 500}}, {"model": "core.invoiceitem", "pk": 11, "fields": {"invoice": 3, "item": 1, "quantity": 2, "accumulated": 100}}, {"model": "core.invoiceitem", "pk": 13, "fields": {"invoice": 3, "item": 11, "quantity": 1, "accumulated": 500}}, {"model": "core.invoiceitem", "pk": 14, "fields": {"invoice": 3, "item": 19, "quantity": 2, "accumulated": 500}}, {"model": "core.invoiceitem", "pk": 16, "fields": {"invoice": 3, "item": 7, "quantity": 5, "accumulated": 500}}, {"model": "core.invoiceitem", "pk": 18, "fields": {"invoice": 3, "item": 18, "quantity": 2, "accumulated": 400}}, {"model": "core.invoiceitem", "pk": 19, "fields": {"invoice": 5, "item": 8, "quantity": 10, "accumulated": 12000}}, {"model": "core.invoiceitem", "pk": 20, "fields": {"invoice": 5, "item": 4, "quantity": 20, "accumulated": 600}}, {"model": "core.invoiceitem", "pk": 21, "fields": {"invoice": 5, "item": 11, "quantity": 5, "accumulated": 2500}}, {"model": "core.invoiceitem", "pk": 22, "fields": {"invoice": 6, "item": 16, "quantity": 10, "accumulated": 4500}}, {"model": "core.invoiceitem", "pk": 23, "fields": {"invoice": 6, "item": 18, "quantity": 10, "accumulated": 2000}}, {"model": "core.invoiceitem", "pk": 24, "fields": {"invoice": 6, "item": 11, "quantity": 5, "accumulated": 2500}}, {"model": "core.invoiceitem", "pk": 25, "fields": {"invoice": 6, "item": 6, "quantity": 6, "accumulated": 1200}}, {"model": "core.invoiceitem", "pk": 26, "fields": {"invoice": 7, "item": 4, "quantity": 20, "accumulated": 600}}, {"model": "core.invoiceitem", "pk": 27, "fields": {"invoice": 7, "item": 6, "quantity": 10, "accumulated": 2000}}, {"model": "core.invoiceitem", "pk": 28, "fields": {"invoice": 7, "item": 19, "quantity": 5, "accumulated": 1250}}, {"model": "users.profile", "pk": 1, "fields": {"user": 1, "image": "profile_pics/profile-pic3_nzKxtsc.png"}}, {"model": "users.profile", "pk": 2, "fields": {"user": 2, "image": "default.png"}}, {"model": "users.profile", "pk": 3, "fields": {"user": 3, "image": "default.png"}}]
